{"version":"01.00.00","projectName":"SinglePageItems_00START","projectPages":[{"pageName":"page01","pageID":"-7732367c:176aa286e2d:-7ffb","eramlModelFile":"page01.cbaml","eramlDiagramFile":"page01.cbaml_diagram","pageType":"SIMPLE","pageTags":["STANDARD_PAGE"]},{"pageName":"page1","pageID":"68c302ef:17f639353f0:-7fff","eramlModelFile":"page1.cbaml","eramlDiagramFile":"page1.cbaml_diagram","pageType":"SIMPLE","pageTags":["STANDARD_PAGE"]}],"resources":[{"path":"C:\\work\\ib\\cba-itembuilder-9.6.0\\workspace\\Projects\\resources","name":"ExampleVideoSource.mp4"}],"bilingual":false}