{"version":"01.00.00","projectName":"StatemachineJeTask","projectPages":[{"pageName":"MainPage","pageID":"41cc4b78:17c2e32c18f:-8000","eramlModelFile":"MainPage.cbaml","eramlDiagramFile":"MainPage.cbaml_diagram","pageType":"SIMPLE","pageTags":["STANDARD_PAGE"]},{"pageName":"DialogPageA","pageID":"41cc4b78:17c2e32c18f:-7fff","eramlModelFile":"DialogPageA.cbaml","eramlDiagramFile":"DialogPageA.cbaml_diagram","pageType":"SIMPLE","pageTags":["STANDARD_PAGE"]},{"pageName":"DialogPageB","pageID":"41cc4b78:17c2e32c18f:-7ffe","eramlModelFile":"DialogPageB.cbaml","eramlDiagramFile":"DialogPageB.cbaml_diagram","pageType":"SIMPLE","pageTags":["STANDARD_PAGE"]},{"pageName":"DialogPageC","pageID":"41cc4b78:17c2e32c18f:-7ffd","eramlModelFile":"DialogPageC.cbaml","eramlDiagramFile":"DialogPageC.cbaml_diagram","pageType":"SIMPLE","pageTags":["STANDARD_PAGE"]},{"pageName":"DialogPageD","pageID":"40b65da9:17e29f301c6:-7ff9","eramlModelFile":"DialogPageD.cbaml","eramlDiagramFile":"DialogPageD.cbaml_diagram","pageType":"SIMPLE","pageTags":["STANDARD_PAGE"]},{"pageName":"DialogPageE","pageID":"40b65da9:17e29f301c6:-7ff8","eramlModelFile":"DialogPageE.cbaml","eramlDiagramFile":"DialogPageE.cbaml_diagram","pageType":"SIMPLE","pageTags":["X_PAGE"]},{"pageName":"DialogPageF","pageID":"40b65da9:17e29f301c6:-7ff7","eramlModelFile":"DialogPageF.cbaml","eramlDiagramFile":"DialogPageF.cbaml_diagram","pageType":"SIMPLE","pageTags":["X_PAGE"]},{"pageName":"DialogPageG","pageID":"40b65da9:17e29f301c6:-7ff6","eramlModelFile":"DialogPageG.cbaml","eramlDiagramFile":"DialogPageG.cbaml_diagram","pageType":"SIMPLE","pageTags":["X_PAGE"]},{"pageName":"DialogPageH","pageID":"40b65da9:17e29f301c6:-7ff5","eramlModelFile":"DialogPageH.cbaml","eramlDiagramFile":"DialogPageH.cbaml_diagram","pageType":"SIMPLE","pageTags":["X_PAGE"]},{"pageName":"AlternatePage","pageID":"af8d77f:17e26c30943:-7ffd","eramlModelFile":"AlternatePage.cbaml","eramlDiagramFile":"AlternatePage.cbaml_diagram","pageType":"SIMPLE","pageTags":["STANDARD_PAGE"]},{"pageName":"XPageA","pageID":"af8d77f:17e26c30943:-7ffc","eramlModelFile":"XPageA.cbaml","eramlDiagramFile":"XPageA.cbaml_diagram","pageType":"SIMPLE","pageTags":["X_PAGE"]},{"pageName":"XPageB","pageID":"af8d77f:17e26c30943:-7ffb","eramlModelFile":"XPageB.cbaml","eramlDiagramFile":"XPageB.cbaml_diagram","pageType":"SIMPLE","pageTags":["X_PAGE"]},{"pageName":"ThirdPage","pageID":"40b65da9:17e29f301c6:-7ff3","eramlModelFile":"ThirdPage.cbaml","eramlDiagramFile":"ThirdPage.cbaml_diagram","pageType":"SIMPLE","pageTags":["STANDARD_PAGE"]}],"resources":[],"bilingual":false}